LoanNumber,DisbursedAmount,DisbursementDate
517512,2073507.12,2024-09-29
269681,492558.28,2024-01-31
714353,943915.61,2025-04-15
695150,3084176.15,2025-01-20
435283,1203024.99,2023-11-27
631996,558766.6,2023-10-21
468898,3661350.55,2024-03-22
170767,2512672.69,2023-11-19
599031,2545249.44,2024-06-15
919573,2573020.8,2024-03-06
960482,3933719.23,2023-09-12
173619,589510.69,2025-01-08
244383,3411109.11,2023-12-07
543986,502536.18,2024-03-19
885761,782723.07,2024-07-14
773760,1151572.95,2024-12-09
538698,1038619.6,2024-02-05
237867,1661439.37,2024-04-05
797104,515961.21,2025-03-01
484119,1467715.52,2023-11-03
873148,1797468.82,2024-10-28
346062,1478868.96,2023-08-02
798534,4334682.74,2024-12-11
112027,700882.31,2025-05-04
328641,3977817.97,2024-04-24
873908,512849.63,2024-03-23
974709,2816303.37,2024-09-18
832463,2079380.78,2023-06-04
610842,1763949.79,2024-10-05
929006,4414056.14,2025-01-07
662886,2501856.91,2023-12-18
428381,4058088.32,2023-12-25
685184,4754220.51,2023-07-21
522956,2232084.17,2024-02-03
985462,701104.68,2025-01-09
482131,2038645.93,2024-05-25
116491,244515.67,2024-03-20
833769,436949.16,2024-10-01
321219,1216288.25,2025-03-28
337837,894069.39,2024-02-01
198250,421763.76,2025-03-15
707989,3981507.22,2025-03-01
622776,3241493.12,2025-03-28
764378,959906.46,2024-10-15
484745,2125768.2,2024-11-08
363551,820453.38,2024-08-20
235449,558464.14,2023-09-06
260142,1145163.84,2024-08-18
740213,2249223.07,2024-07-21
862234,1463903.43,2025-02-27
